{"mae": 10.419167314189341, "mse": 4506.902548246458, "r2": 0.9884884017908614}