{"mae": 8.921774743669383, "mse": 313.8426159546114, "r2": 0.9954519820312626}