{"mae": 1.004768560906012, "mse": 13.544664624432436, "r2": 0.9050874067743551}