{"mae": 3.1362899456131097, "mse": 276.192985795613, "r2": 0.9887307964830823}