{"mae": 0.7418591275356595, "mse": 1.016718918280765, "r2": 0.9971014258670967}